Application ,Dates
1,2/15/2019
2,2/17/2019
3,2/18/2019
4,3/4/2019
5,3/4/2019
6,3/23/2019
7,3/28/2019
8,4/17/2019
9,4/19/2019
10,4/19/2019
11,5/15/2019
12,5/15/2019
13,5/18/2019
14,5/20/2019
15,5/28/2019
16,5/30/2019
17,6/3/2019
18,6/7/2019
19,6/30/2019
20,7/8/2019
21,7/26/2019
22,8/15/2019
23,8/18/2019
24,9/16/2019
25,9/27/2019
26,10/6/2019
27,10/8/2019
28,10/10/2019
29,10/31/2019
30,11/11/2019
31,11/12/2019
32,11/26/2019
33,11/30/2019
34,12/9/2019
35,12/21/2019
36,12/22/2019
37,12/26/2019
38,1/22/2020
39,1/22/2020
40,1/27/2020
41,1/30/2020
42,2/8/2020
43,2/9/2020
44,2/15/2020
45,2/21/2020
46,2/22/2020
47,3/11/2020
48,3/22/2020
49,3/25/2020
50,4/2/2020
51,4/7/2020
52,4/13/2020
53,4/28/2020
54,4/29/2020
55,4/30/2020
56,5/7/2020
57,5/10/2020
58,5/15/2020
59,6/1/2020
60,6/1/2020
61,6/16/2020
62,6/17/2020
63,6/23/2020
64,7/1/2020
65,7/9/2020
66,7/9/2020
67,7/29/2020
68,7/31/2020
69,8/7/2020
70,8/10/2020
71,8/13/2020
72,8/13/2020
73,8/16/2020
74,8/26/2020
75,8/28/2020
76,9/1/2020
77,9/17/2020
78,9/22/2020
79,9/23/2020
80,10/4/2020
81,10/12/2020
82,10/17/2020
83,10/19/2020
84,10/21/2020
85,10/23/2020
86,10/26/2020
87,10/28/2020
88,11/1/2020
89,11/1/2020
90,11/8/2020
91,11/18/2020
92,11/28/2020
93,12/2/2020
94,12/4/2020
95,12/10/2020
96,12/25/2020
97,12/31/2020
98,1/9/2021
99,1/16/2021
100,1/30/2021
101,1/30/2021
102,1/31/2021
103,2/7/2021
